{"cameraMode":{"drawMode":0,"name":"Shaded","section":"Shading Mode"},"sceneLighting":true,"audioPlay":false,"sceneViewState":{"m_AlwaysRefresh":false,"showFog":true,"showSkybox":true,"showFlares":true,"showImageEffects":true,"showParticleSystems":true,"showVisualEffectGraphs":true,"m_FxEnabled":true},"in2DMode":false,"pivot":{"x":-3.303257465362549,"y":-3.798442840576172,"z":15.28065013885498},"rotation":{"x":0.23109297454357148,"y":-0.08626826852560044,"z":0.020585959777235986,"w":0.9688812494277954},"size":12.836155891418457,"orthographic":false}